Place,Username,Points,Victories,Games,Kills,Deaths,Beds,Teams Eliminated,Winstreak,Country

1,StrafeYosef,6197520,15683,22251,152661,19118,22776,22080,1,Israel

2,prinsese1,5859040,16208,19877,95197,35171,16855,20461,0,None

3,Lcea,5224840,14517,20880,127275,44404,16311,13458,4,Germany

4,HappyStateOfMind,4812445,13889,18162,79314,35140,6719,6660,28,Norway

5,Taivax,4392645,10855,11433,91210,12997,25977,23505,80,United Kingdom

6,Dragasdata,4286425,11087,15368,80086,28333,26353,20198,2,None

7,xoLarry2Pro,4285105,10884,13333,95093,23854,14255,12560,24,France

8,Foony,4255195,11193,11382,78566,12488,14652,14969,420,Netherlands

9,CRYBL0CKER,4241915,11438,14361,90960,25247,13085,13814,29,South Africa

10,Kylic,4231945,11016,14150,101989,36658,14707,13627,29,United Kingdom

11,Kahyy,4063295,11224,15872,84539,31994,9766,10342,0,None

12,07Efe07,4043970,10750,11504,77112,17774,16591,12833,12,Turkey

13,Raptide,3961655,11152,11413,64794,12430,17448,13301,76,Denmark

14,NeosKing108,3814240,10549,14774,68949,37598,9454,8776,1,Italy

15,_black_miner_,3794685,10228,12819,95128,24188,11876,10502,13,None

16,Mxderno,3721315,9807,11291,84641,18239,15799,15901,13,Czech Republic

17,Rotsu,3702035,9887,12443,91873,17629,10662,11532,7,Saudi Arabia

18,wamiee,3658540,10272,17772,51955,30936,6729,7536,1,United Kingdom

19,5574,3584105,9916,16464,62423,42748,8829,10140,11,United States

20,RISQIFIED,3535545,10402,12248,48806,17158,8768,14469,0,Israel

21,Stqv,3526535,9674,10102,63937,11664,13885,12440,1,None

22,notSally,3393870,8683,12316,59991,32152,15237,12174,0,None

23,dssey,3313335,9936,13107,42406,20939,6278,5032,0,United States

24,TimmyYL,3285445,8121,11768,57820,25463,14119,16409,0,None

25,TheHulkKill,3241625,8693,13119,56732,44849,10254,7715,2,None

26,HDXI,3198475,9258,10201,64636,12939,6461,6724,71,None

27,Madish,3161885,9122,15666,50109,32382,4436,4908,0,United States

28,iicarly,3114220,8514,12601,60788,28194,7155,7666,27,United States

29,Freezer_Arctic,3106490,8012,11541,60630,27534,8951,7739,2,France

30,johnkanon,3081585,8449,10244,69000,19281,9459,8263,5,Norway

31,MildBree,3074260,7497,15441,49307,48776,10789,9404,0,None

32,BabyFixie,3004995,8738,10407,58752,11502,3930,5911,86,None

33,sado,3003620,8436,13315,43120,31064,5236,4450,1,Canada

34,Pridxn,3001775,8443,11957,61699,23580,8261,6658,2,Ukraine

35,qint,2979265,8356,8871,54512,12801,6607,5803,6,None

36,KidNattiee,2933830,8149,9099,71016,9850,10746,9075,0,None

37,Kctsu,2872745,7125,11249,64931,18567,12050,11710,0,None

38,needsvodka,2825570,7813,8629,52149,14212,5807,6660,57,Sweden

39,gzviz1,2824190,8176,9565,54412,20706,6350,5951,21,Australia

40,Bowse13,2803040,7629,9428,59854,17506,6404,7051,16,Solomon Islands

41,jizv,2732100,6775,14784,61320,33142,8028,7475,0,Bangladesh

42,Skylrr,2721755,8177,10155,38826,16266,4909,4426,6,United States

43,maiely,2712445,8079,9414,49164,13107,7892,6429,36,United States

44,lionis2,2692615,7001,13060,49442,65443,7976,6114,2,None

45,Yamic,2679895,7315,9567,51997,14443,8968,8320,2,Germany

46,kkaela,2653195,7638,11791,28465,22323,3778,4996,0,Australia

47,natlizzz,2611895,6724,11635,51683,31200,6704,5767,1,Czech Republic

48,xvnia,2607145,7200,10463,41623,21928,5528,4729,0,Ireland

49,Zeiqd,2599840,7194,8564,51700,12151,7724,7179,0,Australia

50,Mcrtin,2591275,6796,7845,56227,18651,9917,8535,6,Sint Maarten

51,Ferith,2568655,6941,9973,66223,26771,8857,6995,7,None

52,Jcstine,2553260,6679,14540,55231,31001,6881,5117,1,Italy

53,martvnka,2552880,6954,8554,52507,20248,6129,5749,0,Zimbabwe

54,LVYA,2551805,6891,11998,44933,26164,5414,8094,5,Saudi Arabia

55,OverseerPumby,2500805,6123,8574,73416,13435,10075,9599,0,None

56,latties,2499185,6609,8553,56359,14959,8804,7648,3,None

57,YaPlusDePQ,2483160,6324,9695,60838,30847,11741,7898,0,None

58,telerubys,2466530,6763,9054,32882,19110,6367,5274,9,None

59,OhJerseys,2459435,6144,12670,44251,31321,8501,6611,1,None

60,LSoraT,2439060,5718,10928,77371,31801,6640,6578,1,None

61,000CheckMyNameMC,2424200,6445,7137,50893,10153,8373,6707,3,Poland

62,zapayal,2410205,6781,7938,47621,12314,6061,8713,0,Russia

63,Sadof,2404175,6216,10077,58881,27272,7408,6645,1,None

64,asune,2401010,6496,8862,53721,19880,7190,6289,9,United Kingdom

65,LamoCowboy,2379575,6347,9754,40793,23271,8921,7331,3,United States

66,Carelcss,2361455,6009,10709,53565,22891,6803,5936,0,Netherlands

67,3lzo,2326055,6892,12213,15954,27234,3322,1937,1,None

68,Wyet,2318310,5697,10126,61529,14959,7586,9117,24,None

69,EmotiqnlessGOW,2305460,6463,7609,55268,15319,7052,5757,21,Italy

70,Zidle,2291545,5816,9589,56589,24849,9477,7236,0,United States

71,Harv,2282445,6426,7610,50937,19958,6317,5814,1,Norway

72,ohihy,2279675,6241,9640,41150,27866,6798,5028,8,United Kingdom

73,GodAnto,2275780,5906,7689,74959,8141,4938,5728,2,San Marino

74,ReTheClown,2247975,5691,10696,53806,35687,8493,7071,0,United States

75,Tergoss,2217245,5886,8940,45477,13933,6437,4659,31,Russia

76,Kaoq,2210615,6039,8634,47247,19073,5424,5723,1,None

77,Judowil,2210380,5830,8192,50089,22526,9407,6668,10,None

78,Mxtteo,2191345,6044,7460,47150,13180,5011,5079,0,France

79,Kvtami,2190670,5679,8574,64027,22275,4398,5773,0,Belgium

80,Haaanna,2186380,5601,9102,35820,18766,6831,5496,0,United States

81,Rotsie,2183360,6119,8545,39484,19961,3794,4825,0,Norway

82,VeganMeat,2150075,5883,8841,32587,19413,6683,6208,3,France

83,Peshwa,2136000,5457,8207,64849,23347,8341,6857,4,United States

84,tumh,2126385,6332,6958,31887,7770,4675,3785,0,United Kingdom

85,Kawaiian,2115515,5913,8249,35823,17099,4978,3786,5,None

86,Agei,2101275,5391,7053,54932,13031,8052,8206,35,None

87,frizzante_,2097415,5592,8047,39447,20449,4641,3904,0,Austria

88,notCaro,2078110,5529,6863,38877,16259,5738,6419,38,Germany

89,KoalaKay,2074480,5925,7086,35469,8634,8786,7301,1,United Kingdom

90,Retsaleb,2062460,5798,6584,37728,9554,5906,5493,6,None

91,35sec,2050540,5099,11123,60590,39917,5636,4657,1,Germany

92,TheGoatHugger,2013505,4777,7476,38267,11912,15919,14014,4,None

93,axeo,2012820,5425,7787,39354,14302,8904,7044,11,None

94,Avleks,2009170,5166,10699,44945,26827,4320,3883,0,Sweden

95,qike,2007120,5490,7753,41840,14022,6379,5293,0,Denmark

96,IssaLxv,1990160,4915,10687,56019,29639,5874,5480,1,None

97,Maysuto,1989965,4823,6230,43454,7800,7093,11716,38,United Kingdom

98,IntoThat,1958570,5599,6229,33233,8947,4018,4939,0,United States

99,Maskycholic,1957375,4824,9128,35586,23020,6034,6235,0,None

100,Krrystian,1954340,5674,6215,39080,7383,3583,4364,15,Canada

101,beecca,1946680,5625,6806,18535,12115,3238,3196,0,Poland

102,Rcin,1944915,5264,9614,35296,24725,5506,4306,0,None

103,Rai_Pai,1930230,5119,7304,48918,15389,8570,6902,0,Spain

104,0hPeep,1930160,5204,6997,42649,15045,4687,4752,0,United Kingdom

105,21Dummy,1892395,4774,6116,52104,9880,8107,7316,2,None

106,MaddyRxse,1871490,4843,10691,34744,20185,6453,5380,1,Canada

107,atamage,1870835,5144,8139,29066,20088,6275,4078,0,Japan

108,0hCJ,1865490,4894,8107,31113,18159,6118,6698,4,United Kingdom

109,notFrey,1863500,5022,7343,35141,15399,4604,3827,4,None

110,Wector11211,1860670,4525,7288,46089,16595,9969,9027,1,United States

111,xJun,1858895,5202,7265,44731,17998,5419,5029,3,United Kingdom

112,Minti,1858140,4983,6072,35089,12886,6828,5342,0,None

113,BadBuggyShu,1842630,5230,10456,22829,28558,3621,2516,1,None

114,deqths,1840665,4876,7545,50197,24170,5508,4799,7,None

115,jeons,1837200,5089,8461,22707,19201,4219,5218,17,None

116,KefinMLG,1835810,4881,8748,40554,23864,4738,6747,1,None

117,Preds35,1835490,4919,7904,36437,22144,6428,5384,3,None

118,THE_MAN0012,1833815,5353,5494,39242,4160,6489,6698,0,Virgin Islands (British)

119,LookieItsCookie,1827555,5067,6884,23297,17732,5896,3127,0,Russia

120,TheElderScrolls,1823690,5115,5880,32881,6151,3019,3950,4,United States

121,Bomgan,1820670,4840,9541,31734,21412,6535,4517,1,None

122,wxcvbn174,1820465,4802,5860,53721,16099,9436,8044,1,United States

123,carelish,1816550,4879,13294,29936,30414,3093,3664,0,United Kingdom

124,Wozler,1815580,4753,7782,45402,22094,5284,4322,4,Canada

125,zinc10zinc,1813440,4991,6483,42098,17416,6257,5043,7,None

126,Chauvigny,1805000,4897,8456,38798,29062,2983,4808,0,None

127,SullyNeko,1787860,4671,8333,38194,22542,4387,3483,4,None

128,Breadthiccc,1781780,4825,10026,33636,29226,6678,4894,2,United States

129,Sopxh,1767205,4574,9472,36631,23017,5275,8516,6,United States

130,Hwamz,1762155,4527,4902,31694,5718,8622,7694,2,None

131,XnTm,1757905,4544,8372,36651,22408,5276,3958,0,None

132,Tiffanysimp,1757170,4035,10909,49848,42648,3897,4829,1,None

133,lyoe,1752935,5069,6487,29239,13835,5140,3474,3,None

134,Aphism,1752585,5111,7486,19879,16776,3744,6636,0,Australia

135,Bitter2000,1748790,4921,6697,30713,17127,5133,4373,4,United Kingdom

136,edism,1740245,4617,6033,34407,8457,5037,10003,0,None

137,DijiKiwii,1736885,4621,6831,44747,18112,3657,4061,0,United States

138,Gqvi,1736675,4847,6233,35979,13164,6402,5655,2,None

139,Crxcodile,1732410,4461,7823,41525,16705,5672,4791,1,United Kingdom

140,Vadanite,1727425,4859,5124,30223,3200,7261,6698,137,None

141,Hcarsher_,1724480,4830,7500,45791,16545,7366,7744,1,Finland

142,Mymmy,1721135,4468,8038,28157,22000,3400,2790,1,None

143,xSolari,1700460,4637,6942,31896,21490,3371,3132,1,France

144,Juulis,1697755,4485,6072,33954,9797,5356,4481,106,Russia

145,ohidc,1694520,4557,6597,29624,14588,3796,3491,1,Germany

146,Pahoj,1691445,4201,6851,41900,14653,6699,7894,3,None

147,CIDERTO,1690585,4588,7320,35762,17006,6092,6308,1,Russia

148,Nestcafe,1688070,4386,10171,33918,22177,4399,4550,0,None

149,youthism,1683800,4608,5855,29388,12072,6111,6497,28,Finland

150,IowBattery,1667640,4163,7761,36811,29903,6047,4603,0,United States

151,1z1,1665505,4717,5992,36629,10675,3965,4415,10,None

152,iShahd,1660090,4285,12018,37117,27216,6570,5240,0,Syria

153,xCookiemouse,1657955,3642,11183,57173,29414,7207,5923,0,Germany

154,GusTech,1653070,4521,6378,34670,19874,4209,3231,1,None

155,Silver5mith,1651085,4513,9878,34210,19706,5869,4521,1,None

156,Wrongdoing,1650355,4327,5567,41933,11739,7557,5633,0,United Kingdom

157,Syvr,1641855,4748,6512,31845,12342,5494,4127,14,United States

158,Conflictedl,1638825,4567,8263,23844,13337,2344,7191,59,None

159,yelenaivy,1632030,4246,6612,48309,15224,3853,4131,8,None

160,CamoSk,1630915,4275,5609,42730,12831,5498,4908,8,None

161,PigJesus,1626780,4482,4983,34619,6624,4654,4011,197,None

162,I74N,1626570,4395,5491,35531,7520,4903,4154,0,None

163,Captainsnake,1626550,4153,6583,35894,14867,8996,8318,9,None

164,0Neki,1621825,4303,6201,34323,16024,3691,3261,0,None

165,xlce,1621335,4360,10544,18547,24883,4721,3728,0,None

166,DextschHxft,1610125,4196,6114,36814,15226,5652,4681,10,Austria

167,xKlocZ_Kupy12,1609540,4244,4867,26298,8182,5498,4906,0,United Kingdom

168,Fransiska,1603915,4293,4826,39970,7389,5385,3974,26,Denmark

169,cemj,1600190,4358,7133,29927,18466,3866,3227,0,Ireland

170,Fluffah,1598125,4512,5996,24059,11739,2423,2544,0,Netherlands

171,StepMoummy,1594595,4635,6310,21966,13938,2932,3803,2,Canada

172,Hwamzx,1588900,4102,4129,24818,2756,5166,5464,526,None

173,Yawru,1584050,4070,5420,46142,6769,5924,4968,3,France

174,SKlES,1582420,4248,5231,32970,9740,4846,3691,0,None

175,GiannyG,1582400,4389,5244,30612,8306,2660,3142,0,Belgium

176,NikReturns,1582240,4206,4834,28506,11547,6012,4427,2,Germany

177,QUVI,1568875,4507,6153,21580,17399,3231,2317,0,Turkey

178,ANG5L,1566080,4258,6919,24925,20393,4148,2719,1,Switzerland

179,GiantBean,1563710,4631,5764,28424,13331,3713,3155,18,United States

180,Ed006,1562770,4472,5418,28565,7494,2609,2631,3,None

181,Moibus,1557310,4286,6669,33151,13646,3471,4796,86,Russia

182,BabyFixMe,1550885,4246,6482,42512,13101,2907,3488,3,None

183,Sxtly,1539630,4006,7575,30184,28581,4915,3744,1,None

184,Nonoi17,1536245,3500,9130,44452,31999,6435,4823,0,Bulgaria

185,Dlimit,1527810,4131,5338,43471,9656,3058,3271,0,None

186,SkyElizabeth,1524170,4177,7132,22107,13337,4714,3132,0,United States

187,cclarra,1521470,4170,6525,27055,14807,3937,3475,1,None

188,StepBroNxco,1520845,4266,5008,27379,6845,3257,8977,71,None

189,NuclearRoller,1519180,3891,6037,34108,17572,5439,4909,0,New Zealand

190,Ovies,1518200,3959,5728,42627,11801,6100,5687,0,Trinidad and Tobago

191,Pighs,1513770,3965,4318,27630,6383,5319,5644,436,None

192,camelili,1511930,3787,7239,39808,20158,4336,3860,2,None

193,Neggles,1506295,3891,7633,26548,22472,3620,2462,0,Germany

194,archer_321,1504340,3634,4933,36402,13746,8891,8009,1,None

195,uusa,1494800,3968,5113,31859,9128,4586,4559,0,Norway

196,VagiuM,1487595,3915,6505,27099,17026,4448,8361,4,United States Minor Outlying Islands

197,69Crevetteeeee,1484645,3462,5349,33492,7772,5427,5316,0,None

198,1NoobLuna,1484485,3983,5712,21107,17175,4331,2902,0,None

199,S0PHl3,1484025,4135,6872,19906,17229,3789,3816,15,None

200,Starckjohann,1473380,3351,13532,33879,22027,4281,3409,0,None

201,dinol,1467365,3788,6731,25732,14944,4240,4623,0,United Kingdom

202,sleepv,1459705,4171,4443,22425,5522,4036,4102,1,United States

203,Xoniro,1456795,4174,4395,36046,5650,8917,7970,0,None

204,CCucumber_,1456790,3836,7712,25830,16573,4530,4524,5,United States

205,Whoopss,1455525,4139,5753,22787,13693,3723,3019,0,None

206,Bobcat99,1451210,3794,4802,44377,12806,5790,5832,4,None

207,7amer,1450345,3894,5601,33445,11284,3137,4184,1,United Kingdom

208,Kqrt_,1448530,3550,6021,21116,8387,1762,3586,2,France

209,CanadianWaters,1446345,3544,6111,46500,13491,5180,5107,2,United States

210,Clodof,1445845,3799,7905,30582,18475,4674,5736,0,United Kingdom

211,Shaidyn,1443400,3875,3925,28159,4266,8056,6985,101,United Kingdom

212,Administrateurs,1443330,3507,6783,40361,12066,3830,4002,12,Oman

213,sxySimp,1442525,4133,6948,22123,15429,3052,3713,2,United States

214,MissingNotFound,1442280,4047,5928,19687,13057,1812,2193,0,United Kingdom

215,Atramensia,1441865,4195,4756,31925,10570,4711,4333,25,None

216,xAbandoned,1439740,3804,5656,22081,12724,3793,2491,10,None

217,3xtraChill,1438865,3667,5256,35567,14128,6624,6116,13,Switzerland

218,SadEmma,1436230,3437,5251,40475,15202,5800,4654,1,United States

219,Findingkirk,1429060,3974,7507,20689,20042,4406,2928,1,United States

220,Emoticn,1427655,3550,5467,32829,9010,7949,6021,1,None

221,xxesinxx,1425200,3542,9400,22892,26938,3700,3656,7,None

222,appleman19,1424005,3989,4872,30973,12409,2686,3582,2,United Kingdom

223,Xternal,1423275,4038,4812,24817,8494,2963,2869,1,United Kingdom

224,FerreSxnpai,1415840,3493,5402,38354,24167,5526,6043,2,Iceland

225,Aczl,1411555,3776,5219,26051,10921,4483,3829,1,Canada

226,Flexly,1409235,3694,5976,33921,13053,4300,3727,0,None

227,669th,1403600,3848,5667,27844,13094,3104,2583,15,Russia

228,Samuki,1401545,3889,8775,27005,17622,2324,2859,0,United Kingdom

229,EarthQuacke,1401255,3548,5398,21670,10903,4032,3556,0,United States

230,ssamantha,1400480,4002,8874,17092,17090,1323,3151,16,United Kingdom

231,Shiroflare,1399565,4024,4728,20666,7416,3326,2750,0,None

232,Tokiu,1398825,3900,5561,30778,10933,2828,2925,0,None

233,Pedar99,1398615,3660,4530,48559,10253,5568,4773,4,United States

234,Veruvian,1396900,3348,6074,30111,15071,8930,7014,0,United States

235,_Urm0m,1395135,4158,5256,30180,11491,3614,3643,3,None

236,Snazzier,1393260,3127,7104,40800,23144,6028,4489,0,United Kingdom

237,IlyMartha,1391225,3319,6735,40170,20927,4066,4622,20,None

238,mlli,1387830,3800,5200,19730,11529,2774,2362,0,United Kingdom

239,DestroJones,1381415,3507,4099,33094,9101,5687,7159,2,None

240,gotnumb,1379660,3434,5878,40526,11161,4738,4145,0,Italy

241,Rpse,1377415,3500,10438,25793,33298,3766,2645,0,Russia

242,Sadncss,1376145,3773,7557,22374,19640,4141,2244,0,United States

243,Code_07,1373960,3422,5367,35366,13601,5740,5613,7,Italy

244,zlurqzi,1366270,3790,4439,23534,6049,4154,4812,27,None

245,8300,1365535,3323,8634,36212,22482,4264,3323,2,None

246,BadBuggyAal,1362850,3871,10509,19549,23080,2136,1861,1,None

247,BoardingHacks,1348275,3804,4440,30060,9304,3977,3659,0,None

248,mahru,1339960,3505,3652,29564,4532,6132,5176,68,South Korea

249,Sciency,1335960,3325,5438,41608,14380,3511,3616,1,None

250,IKnowImHaunted,1332730,3085,8513,27317,25766,3958,3392,2,United Kingdom

251,S03B,1330745,3651,4320,31961,7522,2950,4646,32,None

252,krisssyy,1322310,3946,5128,19326,10956,3226,2472,1,United States

253,Doniique,1321515,3569,4980,28947,10892,4196,3298,21,Poland

254,Abdullah_j2705,1321325,3320,5047,28578,12776,6258,4227,2,None

255,Aylq,1319495,3870,4915,30069,11031,4003,3659,0,None

256,Axees,1310870,3172,7739,32492,35396,4306,3207,0,None

257,Alterrnative,1309315,3200,8651,28304,21428,5960,4631,2,None

258,TokyoJapan,1305730,3138,4591,44905,9735,8355,7752,0,None

259,HalaCats,1298925,3621,5121,29871,23653,5091,4035,2,United Kingdom

260,Aimbqt,1298475,3780,5278,24988,8271,2683,3071,0,None

261,gaywonton,1288130,3474,6980,18296,12721,1998,3462,0,Canada

262,sofqbear,1286585,3402,6896,27622,16298,5057,3449,0,Germany

263,GANGMEMBERLOAH,1284700,3571,5369,20805,7030,2890,2869,4,United States

264,_Christina,1279545,3503,5861,22695,15100,2638,3688,0,None

265,iKaidu,1272970,3164,7318,25494,17839,3118,2871,2,Syria

266,jushik,1270565,3440,5248,26585,9386,3479,3645,15,None

267,Zoom315,1269030,3158,4444,39399,6283,6904,6420,0,None

268,sp0rtacus,1264030,3436,4768,25377,19749,2050,3279,2,United Kingdom

269,SkyFallen_,1263300,3608,4432,24233,6029,3703,3387,7,None

270,Jcnny,1263060,3422,4056,24499,6558,3171,3308,33,None

271,Shizenkai,1256565,3236,4005,28823,7043,8596,7580,17,Canada

272,Ceros,1256325,3564,4106,25542,9496,4495,3627,4,United Kingdom

273,Heterosexually,1254470,3778,4748,18113,6241,2638,2210,6,None

274,Erdnaxelaa,1254310,3662,3859,23947,5459,3809,3182,14,France

275,luigibrotherr,1253300,3137,6821,30053,17404,5142,3834,2,None

276,Monumii_,1249265,3395,5253,24385,12316,2811,2486,0,None

277,Haspe,1246760,3084,4284,35340,6381,6191,5581,0,None

278,CasualSushi,1246290,3163,5270,28732,12665,3862,4335,0,None

279,ThenchBestWW,1238670,3399,5001,23438,8262,2216,7342,0,Germany

280,zJ0nny,1235305,3286,4556,25828,11678,2535,3830,0,Norway

281,Phxsphenes,1230725,3760,4817,26328,9979,4441,3765,0,United Kingdom

282,JackOLyn,1229000,3452,5599,25879,11493,3579,3163,0,None

283,Hcmi,1225955,3600,6694,22951,18802,1964,1707,0,Zimbabwe

284,WeVeAgiftForYou,1224185,2849,4206,34095,9583,5362,6373,4,None

285,Unsubstantial,1218695,3059,5185,32717,13398,5624,5352,1,None

286,Rymm_,1218210,3419,5615,22537,11831,5052,3890,2,None

287,Koriikachu,1217490,3128,3502,26879,4681,10848,10213,3,France

288,Gaedenn,1215545,3037,5103,22373,16329,6490,4625,0,United Kingdom

289,FaZeXSpIcyX,1215075,3103,4061,28723,7432,6085,4797,0,Martinique

290,mwrty,1208935,3187,3998,30916,8895,6257,5009,0,France

291,Ajonc,1207965,2780,4380,34479,16620,5107,4681,3,Italy

292,Anto726,1207900,2996,4418,39963,6944,3831,3452,6,None

293,George_ftw,1206350,3695,4844,22588,8139,2363,2951,33,Oman

294,73th,1203235,3291,4397,22344,8830,3855,3071,2,None

295,x0gl,1203235,2995,4772,25563,13512,4982,3927,5,South Korea

296,AI5U,1203085,3404,3496,19444,3664,3143,3087,17,None

297,TryMeHacker,1202995,2851,380,22472,15409,4485,3881,4,United Kingdom

298,xxAri,1202850,3331,6086,16175,13811,3088,2079,5,United States

299,AnalisaPoop,1202315,3358,9175,20610,25839,3609,2271,0,United States

300,4A4iden,1201385,3252,4428,20169,9407,3510,2959,1,Togo

301,Areios,1201280,2982,5554,24765,13738,3994,3144,0,Australia

302,Endxrna,1199935,3134,6249,22964,14667,3273,2707,0,United States

303,alqnna,1199190,3426,9002,12570,20214,2731,2709,0,United Kingdom

304,2O3_,1199055,2978,6272,23749,19661,4001,4072,0,Saudi Arabia

305,BlankStateOfMind,1198690,3152,4045,31506,8132,4742,3754,13,Germany

306,OverseerCathy,1191520,2919,4846,34816,15405,4150,4122,4,None

307,Miyet,1186695,3009,5056,38166,12096,5948,4724,0,None

308,Aastralix,1186615,3338,5233,20355,12494,2684,3333,6,None

309,ilikemen456,1185600,3189,6573,22662,17324,2516,2080,0,None

310,4rry,1185040,3112,6068,22213,11989,2553,5411,2,France

311,HestiaKnife,1184380,3220,4004,22198,9347,3722,2622,58,None

312,KoalaYL,1181290,3295,4448,26414,14325,3303,4341,5,Ireland

313,ExiBoi,1179855,2783,5914,37914,12594,3962,4231,0,None

314,Medif,1178600,3089,4916,27433,10849,4157,3265,0,None

315,Kaseam,1168775,2959,4208,27883,8186,3061,3888,33,United States

316,cey_,1168620,3138,4549,24815,11865,4841,3047,1,United States

317,jhdn,1162950,2875,5931,29814,19125,3192,3730,0,None

318,Aastral,1153700,3190,4121,24607,8571,5230,4155,0,Vietnam

319,aveia,1150740,3016,5449,14877,13970,2621,2358,9,United Kingdom

320,4ana,1145950,2913,4449,30834,12054,3668,2937,2,None

321,le1fy,1144055,3015,3313,22090,4218,3940,3683,4,None

322,_XaviWxlf,1141450,3255,9237,7135,20389,988,1110,0,United Kingdom

323,TorqGekko,1138310,2802,4722,23440,12392,4013,4443,2,None

324,turtlelord66,1137815,3217,3280,28355,2870,4150,4440,13,Germany

325,CraftingToty100,1136140,3067,4756,34161,9316,4183,3236,0,Norway

326,LukaDark,1135895,2910,4557,21468,13401,2743,2092,0,United States

327,s1fia,1134020,2797,5718,28870,14495,4327,2719,0,None

328,Meiido,1133985,2560,3487,26266,12736,7266,7506,0,France

329,Linaa_,1131020,2923,6894,26580,24525,3068,2376,0,United Kingdom

330,CHEWIE006,1121080,2800,5470,16005,16050,3745,5356,2,Colombia

331,Josayy,1117815,3120,4330,21670,11001,3600,2856,1,Germany

332,xRare_,1117485,2889,5397,20788,14402,2316,2107,3,United States

333,Fcssy,1117225,3089,5519,23133,10511,3682,2585,3,None

334,Dxmiien,1116495,2706,4146,35885,7066,2281,3219,0,None

335,Unbeliebte,1116320,3137,6283,18550,9825,1460,2715,0,None

336,MatthewOf4s,1116300,2917,4659,24958,6296,5203,4267,1,Germany

337,_heh,1113760,2616,4239,35470,12600,4561,3961,2,None

338,carrylord66,1110525,3061,3176,20641,5462,3921,3714,14,Ukraine

339,Razzy__,1106110,2933,6356,19911,14814,3177,2837,0,Portugal

340,mucuss,1105065,3329,5128,15909,15043,3932,2543,3,None

341,saiparina,1102775,2900,4660,30556,9139,6065,5115,0,Belgium

342,bbleed,1101120,3031,4042,18728,6472,2666,4108,0,None

343,BlRDS,1094210,3073,3701,22202,4659,2387,6943,0,None

344,VincentVanGamer,1093660,2758,3904,29084,10758,4207,4145,0,Japan

345,MICROWAVEGIRL,1092845,3059,4204,24928,11164,6254,4716,0,United Kingdom

346,vaisakh,1088965,3057,4815,21753,8916,2728,4867,0,None

347,HomoStateOfMind,1088750,2830,5534,29468,12533,3248,2634,1,United States

348,thesilenta,1087745,3016,5082,20633,12886,4123,2888,1,Germany

349,wiszo,1086300,2663,5839,19009,14410,5723,4123,0,United States

350,_Til,1085085,2755,3249,27472,7250,7391,6372,0,Ireland

351,Breathlessly,1081985,2412,6335,26524,22440,6388,4297,0,None

352,Sclena,1081485,2692,6766,25214,16622,1918,1962,0,None

353,CupcakerocketX,1079500,2825,5514,23595,16872,4632,3542,0,None

354,Sun5_,1077855,2970,4671,24423,10357,2638,3923,0,Norway

355,Squxi,1077605,2618,4598,22080,13651,3561,3050,0,United States

356,flowerpiig,1074090,3023,4851,19396,8545,2436,2318,5,Sweden

357,TheFancyTomato,1073815,2778,5514,28064,12054,3953,2614,10,None

358,Asashyn,1072040,2517,3974,30085,13812,4608,3530,0,Belgium

359,Tiilly,1068930,2796,4880,22365,14439,3139,2250,16,None

360,Heapyy,1068215,2205,7511,33860,19999,5267,3964,0,France

361,Shimoritsu,1066570,2915,5017,15553,17649,1275,1184,1,None

362,Adorrable,1065205,2780,6551,15250,15179,2827,2315,0,Canada

363,Arega,1056565,3065,4384,19337,10904,2621,1845,0,None

364,lucado31,1055105,2729,4420,25712,14552,6537,4957,5,Germany

365,SavageImpacts,1052210,2469,4247,31780,13799,4453,3728,0,None

366,Kxtsuro,1051175,2501,5006,26097,16659,4177,4092,6,United Kingdom

367,Mwia,1048960,2678,3398,32610,9335,4789,4109,0,United States

368,MeAndThisChair,1048485,3026,5562,11555,8613,1826,1555,0,None

369,BabyLays,1047870,2870,5011,17630,14301,2151,2006,0,United States

370,BBulu,1045840,2724,4082,25316,11346,2234,3506,0,Austria

371,ghrau,1044735,2307,4898,28667,18056,4526,4238,0,None

372,Ultriligy,1041335,2778,4865,30395,13264,2924,2594,0,None

373,Jounella,1037805,2576,6128,25944,14891,2401,2265,0,None

374,FloranNinja,1036025,2391,4328,27593,21160,4718,3934,0,United Kingdom

375,Nekrosion,1035395,2929,3261,24698,5237,3793,3557,23,None

376,Darkman64,1034475,3091,3403,18284,5707,4050,3158,0,Germany

377,HowToGHP,1029215,2340,2764,25833,5955,4662,4278,1,None

378,JGamesSxnpai,1027180,2722,4166,23059,15720,2175,3955,2,Portugal

379,21Fatty,1026015,2673,3852,18437,9950,3171,2591,3,None

380,YouKnowMe_qsaw,1024850,2561,4625,23239,9474,2917,2487,1,None

381,ycji,1024560,2793,3543,19631,7095,2491,2436,1,United Kingdom

382,Jupiane,1024475,2442,7724,20787,24502,3142,2016,0,United Kingdom

383,Purpuh,1018900,2704,4780,18139,11132,1977,2033,5,None

384,Effqrt,1017560,2746,3805,25549,9553,3877,3073,0,Sweden

385,Basma,1016905,2613,6073,19970,24380,3448,1734,0,United States

386,extr3me_sk8man,1016285,2519,4600,28896,12711,5574,4585,0,United States

387,MrH4zard,1014460,3100,3726,19495,6255,3892,3189,5,None

388,GuivenYang,1014390,2470,6133,17605,16412,4584,3142,0,None

389,kerq,1012110,2574,4680,20223,10628,3672,3311,0,None

390,Skailai,1011315,2258,4175,25010,13987,4630,4026,0,France

391,AllerZizou,1007970,2617,4929,26434,10349,2989,2715,0,None

392,ImNeptuno,1007745,2780,5398,20764,11521,2710,2122,0,Bulgaria

393,Rheza,1002730,2427,4131,24007,12683,4787,4048,3,Holy See

394,wateo,1000000,2661,3113,24636,5163,1893,2554,65,None

395,Uncreqtive,996915,2704,4049,21287,9993,1788,2023,1,United Kingdom

396,ItzLxren,996620,2197,5661,20292,13315,4630,2897,1,United Kingdom

397,InnitLucy,995605,2650,5036,14311,14157,1976,2447,5,Holy See

398,skylcr,995415,2717,3695,14103,9365,2175,1787,10,None

399,CapitNJakSparow,994980,2452,6091,26810,20469,2089,1892,0,United Kingdom

400,John2314,993210,2755,3332,22963,5213,2504,2283,3,None

401,hheidi,992165,2728,4306,15198,8443,5313,3543,3,None

402,blushn,990065,2677,4832,16466,10308,2649,1869,8,None

403,Black_Sheepy,989750,2328,5534,25851,6738,8520,7578,1,United States

404,Smz2003,989385,2786,7412,13354,16740,935,1205,0,Sweden

405,Natification,986820,2517,2798,17854,3399,3858,3484,5,None

406,frqnkieBear,986675,2526,5357,24618,13103,2404,2023,0,None

407,SofieGames,984345,2502,4285,28298,16085,3708,2941,1,Romania

408,xxUni,977590,2732,5061,9829,9589,1759,1452,5,Australia

409,Gargant,975650,2516,3777,18499,8053,1870,1853,1,United States

410,SICKINC,972675,2724,7187,14561,10980,789,1574,0,None

411,8388,972625,2348,5181,28762,11434,3615,2915,1,None

412,Liniss,971970,2607,4237,14121,13148,1487,1383,0,None

413,bvvn,971130,2418,3692,21631,9113,3752,6291,0,None

414,CrispyAudrey,967725,2343,7754,24412,23238,3426,3506,0,None

415,SloppyJoe17,967460,2416,4058,19661,7972,6237,5068,1,None

416,LordDeWitt,964970,2597,2947,20560,6621,5894,4888,0,None

417,DerpDeni,964745,2500,4570,28699,17315,3753,3154,1,United States

418,Its_Katieee,962120,2420,4917,18431,16082,2456,1746,0,United States

419,kcyla,961120,2586,4644,21175,11176,3281,2246,0,None

420,_Clleo,955215,2364,5358,20168,14703,2992,2582,0,None

421,Arenaya,955050,2550,4333,19455,12269,1592,1570,0,United Kingdom

422,ycvn,954515,2694,7923,7385,15918,1372,1792,1,None

423,Laiiky,951610,2387,4850,21718,10891,3166,2004,0,United Kingdom

424,Cqra_,951105,2379,5382,21727,15336,2330,3092,2,Austria

425,LoneMinecraftion,950560,2327,4182,21052,12971,3664,2656,0,Norway

426,Mcya,947180,2445,5793,17640,17227,2249,1755,7,None

427,flqwr,946835,2179,6229,29031,16083,2970,3831,2,None

428,GamonZ,945895,1839,4665,29714,17760,4883,4932,0,United States

429,Resonanceee,944895,2328,5082,20906,14392,3537,2721,0,None

430,frickingfricks,944530,2190,7519,16830,19655,4070,2653,0,None

431,PR0T3CTI0N,941670,2558,2660,15810,4153,2929,2668,49,None

432,iSoul,935060,2322,3524,20091,10251,4180,2465,0,None

433,MangoBerryX,929580,2457,4130,18261,13273,1623,1895,0,United States

434,xKillua__,927960,2324,6938,14038,18988,3824,2353,0,None

435,Aloofness,926920,2052,2704,18127,7398,9660,7985,1,None

436,xXDelayneyXx,925980,2303,4478,23292,15879,5527,3951,0,Germany

437,WoodyUK,924850,2614,3615,14794,9433,2265,4130,9,Germany

438,GentleKoala,924390,2391,2858,21130,6911,3634,4235,5,None

439,BoomiGHP,924230,2025,2545,23244,6539,4612,3750,1,None

440,iDoofa,919255,2367,7251,16380,13747,3041,1970,2,None

441,MrJinzo_,917955,2757,5506,14789,13077,2163,1446,0,United Kingdom

442,ilyscphs,917740,2339,4405,27566,11325,1787,3095,1,None

443,SimplyAlma,916160,1971,4815,17320,13555,4758,3607,0,New Zealand

444,newcoupe,914175,2514,4908,16380,15560,2448,1551,0,Germany

445,hxmmy,914165,2341,6487,17284,21929,2286,2718,0,France

446,Prismary,913040,2233,2717,18894,6557,3188,3311,28,None

447,sunv,911850,2541,4174,13476,9373,1382,1930,0,None

448,Pinxzo,911510,2324,3164,20518,6610,3676,4072,0,None

449,Cqsino,911055,2381,6209,13632,17308,2045,2365,0,Australia

450,ElMediatore,910275,2718,3019,17634,5322,2069,2071,0,Ireland

451,durkyy,909615,2479,4639,18723,11562,1551,2664,0,None

452,miss_tulip11,909110,3066,4179,11677,11566,2502,1425,0,United States

453,35OO,908565,2283,3611,34821,4874,2195,2534,0,None

454,duck3n,908370,2343,4543,17159,14312,2921,2653,0,United States

455,JamSister,907925,2414,4878,15492,12580,2249,2001,0,Switzerland

456,petalistic,906715,2387,4825,17280,13927,4223,3670,1,Luxembourg

457,x0ursBl4ncx,905870,2195,3618,26831,7639,3240,3405,0,None

458,ImagineDying,905640,2170,3329,24932,10392,3426,4053,0,Russia

459,oneofthefae,905435,2604,4246,9466,8883,1066,1341,1,None

460,Lord_Eryn,905180,2189,2696,19606,6755,3552,3138,4,None

461,MondayFox,904815,1978,3883,20053,11207,7460,5986,0,None

462,Jaap,903810,2539,2917,14901,7017,2668,2092,1,None

463,Real_Mrs,903465,2370,4938,12598,11982,1421,1968,0,United Arab Emirates

464,Re69,902050,2308,2545,18077,4227,9262,8125,22,None

465,fadhi,901595,2247,4529,19059,10756,3629,2406,1,France

466,bladejos9,901195,2592,3441,21230,19270,2204,2440,2,United Arab Emirates

467,Arnavd,900985,2052,5566,22435,16978,3359,2725,0,Russia

468,noahaen,900450,2135,5636,18548,23110,3821,2721,0,None

469,NGs_,896640,2062,3635,22553,8492,5163,4022,4,None

470,ItsTimeToGoZlurq,894095,2388,3052,18080,5756,3650,2591,2,Hong Kong

471,zYanki_,891530,2448,3485,15060,8909,2625,1786,1,None

472,shclbi,888345,2574,3749,16854,7261,2343,2136,0,Netherlands

473,Dreeams,885575,2124,3468,22587,13926,4083,3777,10,None

474,duwp,885065,2037,4527,17709,11954,6245,4751,1,None

475,Secrotal,883375,2475,3007,18547,6755,3215,2707,8,None

476,Ascendix,883150,2173,3389,19814,6750,3858,5012,0,United States

477,hunkofmeat,883030,1975,6865,21862,14573,4313,3366,0,Japan

478,LOVEMORDECAI,882240,2453,2974,16651,4403,2303,2786,29,United States

479,ItsOK,882165,3065,4150,20808,8765,3435,2317,1,Denmark

480,i1ii,880795,1445,8347,15511,31584,7561,3666,0,Italy

481,AssassinXS,879820,2244,3564,21160,5934,3130,5516,6,None

482,Cami72,875755,2477,2996,19143,6001,2536,2722,0,None

483,Eduarrdo,875715,2543,3026,18424,4734,2062,1805,0,None

484,_Pikamile_,874895,2248,7759,20610,11585,1934,1818,0,United States

485,aapeh,874440,2028,4219,18321,14028,3263,2559,1,None

486,varks,874185,2615,2684,15628,2924,2396,2333,59,France

487,_Tohkha,872560,2312,3424,23192,8905,2044,2244,0,Germany

488,Tere,872455,2209,4004,21036,11218,3713,5510,0,None

489,AzzifyBestWW,872150,2458,2481,15804,2832,2452,2262,521,None

490,cloudhighcomeup,869655,2286,4992,15112,10566,2786,1736,0,United States

491,xMasked_,866545,2195,4150,16696,13284,5212,3706,0,None

492,xmbr,865755,2347,3057,15924,7585,2635,2961,6,Kazakhstan

493,Beeliever,864020,2445,4279,11275,10006,2049,2925,14,United Kingdom

494,ChenSxnpai,863425,2122,4538,15818,19493,2973,3436,0,United Kingdom

495,Real_Mr,863390,2291,5548,17995,10092,3240,2097,0,Finland

496,SophieAnderson,862920,2438,3199,11483,7794,1247,2344,57,Russia

497,Giive,861435,2532,3152,20281,6800,4197,3627,0,None

498,chlor1ne_,859030,1848,6251,15354,14825,3451,2092,0,None

499,zAnn0y3d,858760,2243,3646,24015,11251,1319,1765,5,None

500,Tenlich,858560,2138,3717,24446,6803,2919,2713,0,None

501,j_wood123,857760,2461,5754,23706,8147,5572,4697,0,None

502,babycult,856840,2108,6974,19313,16828,2587,1986,0,Germany

503,Rottzu,856605,1618,8194,15038,13075,4037,3091,0,Netherlands

504,Carlcs,855885,2283,2954,19550,6493,2579,2219,11,Australia

505,txsla,851800,2297,3426,14658,9984,2622,1980,0,None

506,SaucyLiana,851615,2341,3919,15767,9565,2120,1727,0,None

507,Mamarine,851610,2211,4532,13060,13433,1976,2032,1,United States

508,YSSNDamDam,851215,2218,2760,14660,5008,3432,4772,12,None

509,ilov3you,849965,2271,5596,11990,10601,1774,2995,0,None

510,xEmily_,849820,2473,5143,20949,12308,3601,2323,1,Philippines

511,KingGreen14,846150,2068,3343,29853,12105,2858,3228,5,None

512,ophelllia_,844180,2282,5029,10941,14424,2106,3206,0,None

513,BanMildBree,841580,2408,5330,9654,9860,752,1717,8,None

514,luhvur,841010,2259,4837,13557,10202,1843,4236,6,Venezuela

515,CrispiestYL,837835,1857,5893,16941,14349,4684,3044,0,United Kingdom

516,Tweenar,836335,2321,3316,19434,7873,2345,1943,0,None

517,23week_Waza,836005,1918,2289,22945,5290,4603,4175,1,United States

518,kahshoot,835740,2208,4075,9434,9672,2632,2194,11,None

519,Eclla,834260,2392,4025,10428,8307,1298,1491,0,United States

520,BabyCarrrot,834070,2054,3305,20339,7843,2227,2667,7,France

521,convelc,833795,2038,4289,21315,10435,2695,3203,0,Sweden

522,Roobios,831875,2067,3741,33693,14549,4161,3736,0,Niger

523,Boths,829720,2272,2868,17477,4210,3210,2559,0,Ukraine

524,RufusZero,828465,1955,3479,22225,8106,8440,7483,0,Philippines

525,Gcbriel,828300,2065,3982,20136,9026,2877,2267,1,Poland

526,bxlenciaga,827720,2285,2882,18087,6889,1762,1711,0,None

527,PumPumTuTuTuGrra,827245,2139,2707,20096,4846,2660,2123,8,None

528,DxrkHxnter,826985,2111,4204,17907,13253,1873,2155,0,France

529,koekievreeter,826085,1885,3552,16239,9359,2840,3958,0,None

530,MyNameIsBaymax,825775,2102,5179,18015,12945,1757,1950,2,United Kingdom

531,Yimk,822930,2054,2977,12581,8410,2142,2606,0,France

532,0hStormi,821185,2248,4531,19906,9672,1988,1736,1,None

533,Sysys1319,817930,2000,5432,24659,15612,2660,2899,0,None

534,Hadst,815820,1731,4282,21347,8774,3633,3746,1,None

535,Wolflok,814230,2124,2807,17401,7498,2629,2180,1,Holy See

536,Mikesxnpai,813375,1966,5618,18187,18319,2909,3586,2,None

537,Dvwn,812105,2183,3528,14456,10038,2534,1934,0,None

538,PotatoWedges,811515,2150,4246,13629,10862,2137,1254,0,United Kingdom

539,Peaachi,808525,1961,4710,21647,14061,3411,3059,0,None

540,TheJasmine,808055,2586,2721,15787,4438,2489,2420,0,None

541,Sitryx,806470,2054,3683,18252,9623,4415,3309,0,Poland

542,K1endy,805405,2304,3224,11210,8007,3234,2025,2,United States

543,qyid,805015,2205,3435,15515,7378,3765,2596,2,United States

544,Purpzuki,803980,1944,3124,19259,7045,4430,3654,0,United Arab Emirates

545,Ch_se,803730,1973,4305,22546,10968,3186,2384,0,None

546,Dweamsss,803205,1859,7414,11928,24197,1833,1482,0,None

547,Youlie,802830,2285,2862,19876,5396,4982,4272,43,Germany

548,ritsus,802810,2008,4778,18204,12394,1859,1880,0,None

549,Mogthra,802730,2115,2744,17861,4153,2043,1913,1,Switzerland

550,SaucyLuke,802635,2088,4740,12749,10481,1402,1354,0,Netherlands

551,_Stitchy,802255,1814,4438,13366,18607,2281,1991,0,Virgin Islands (U.S.)

552,Xqzza,801520,2143,3038,16369,7567,2223,1855,0,None

553,mvrty,801295,2140,2262,15466,2627,3110,2885,10,United States

554,xStqtz,801070,1883,5954,22975,16890,2242,3077,1,None

555,power_boy2015,800590,2045,4090,29362,10570,1622,1998,0,United States

556,bloodybabies,799475,2228,7104,7266,15401,1448,645,0,United Kingdom

557,MyNonoSqware,799120,1879,4950,24755,16019,1532,1756,0,Holy See

558,Rxvenwing,798715,1995,2764,13408,7846,4418,3186,0,United Kingdom

559,amorsa,796540,2047,2598,18859,4890,1738,2268,0,None

560,Kennediq,795370,2196,7016,8266,14488,1740,850,0,Norway

561,ilyMadish,794050,1914,6109,17844,15404,2367,1832,0,None

562,Jaaaceee,791890,2123,3827,13488,8792,1973,1617,0,None

563,Wubby,791145,2066,4206,13120,11133,2152,2253,0,United Kingdom

564,_Ch4ppi,790995,2046,3738,16680,8815,2138,1667,0,None

565,capri3,790790,1726,5510,21874,15077,1902,2873,0,Maldives

566,Serklein,790140,1794,2668,16780,7887,5472,3819,0,United States

567,3BuDo,789440,2177,4789,11396,17502,2496,2049,4,None

568,eemkoSxnpai,789280,2037,4744,18121,10369,2060,4193,4,None

569,Painteh,788990,2239,3866,11422,8140,3025,2196,0,None

570,alohi,787915,2089,2562,25540,4260,2626,4020,0,None

571,_99_,785610,2344,2625,13021,4572,2112,1636,0,None

572,TschalakKilledMe,784475,2008,2258,15674,4321,3994,3195,0,None

573,Giagiochi,784090,2097,2978,24392,3089,5233,4958,0,Mexico

574,ZenitsuKun,783585,2085,4219,21073,16176,4974,4133,0,None

575,Burkina,782060,2071,4117,11315,7364,1639,1032,0,Russia

576,Fiireboy14,782015,2104,2951,19170,5362,1790,1637,0,None

577,IStoleYourMoney,781685,2143,3371,16737,9728,3056,1759,1,United Kingdom

578,oKuho,780575,1971,4318,16346,12736,2727,1947,0,None

579,Fiire14,779095,2287,2645,15996,4777,1761,1630,1,None

580,LinksNotThatTuff,778790,2180,5952,13036,11118,796,995,0,None

581,AUZX,778500,2061,3386,18443,8312,3964,2461,0,None

582,HerTeddy,776475,2222,2545,14294,3479,1467,1261,3,None

583,Icicky,775370,2181,2571,27208,3361,4059,3997,0,None

584,thorstein79,773700,1633,3619,21578,11070,3352,3412,5,None

585,bluci,771180,2290,3165,8871,9919,1879,1227,6,None

586,HydraWazez,770865,1975,3197,23272,5966,4641,3954,0,North Korea

587,juuz,770430,1961,3953,13093,10607,2694,1852,0,Germany

588,Emphaty,770145,1920,4255,15415,11294,2672,1515,1,None

589,Rabbiiit,769145,1965,2378,19422,4254,3375,2471,30,Canada

590,Skroks,768860,1970,3171,17718,9066,2783,3939,0,United States

591,CrispyKaylee,768100,1846,5133,17725,13135,1741,3684,0,France

592,ThyPham,767585,2092,2402,18660,4084,1604,2005,14,None

593,Mxrschye,766370,2004,3680,15889,7912,1675,2454,1,None

594,chriscalloway28,765855,1896,5714,18931,18508,3242,3112,1,Guyana

595,EspyTheLovePuppo,762810,2133,5358,10670,9648,1511,1053,1,Denmark

596,qills,759150,2021,3164,17854,7231,3242,2570,0,None

597,Weedz,759100,2016,3006,18566,6412,3068,2512,2,None

598,Sardonicism,757380,1856,3052,17722,7204,2392,3839,1,None

599,Lxska,755485,1815,7195,12402,14985,2498,2529,0,None

600,tastydish,754320,1836,1846,11081,1510,2747,2457,229,None

601,Jcrdy,753760,1820,5654,18642,13045,1494,1393,0,Poland

602,SryImLost,752950,1866,4491,12397,17791,1480,1001,0,None

603,Kanngo,752100,1996,2364,15966,4272,3292,2794,0,Russia

604,Lyamer,751905,1588,3520,23129,11723,4064,3470,0,United States

605,Kuoq,750985,2159,2419,11993,4461,1745,3698,1,United Kingdom

606,Simp4Dije,749370,2194,3500,15095,8604,2627,1764,1,None

607,Plante_,747740,1722,3589,24595,11583,3576,3064,1,None

608,Kchouky,747275,1872,2938,17431,11308,2148,3654,1,None

609,OogyBoogyTom,746720,1473,2592,15897,7076,6663,6085,4,Germany

610,svuny,746000,1872,3778,14233,13614,1906,1158,0,None

611,progamerCOHP,745720,1951,3019,17599,6526,2919,2245,0,United States

612,becca5728,745315,2060,3685,16623,12565,1354,1642,4,United Kingdom

613,ChildishSassy,744970,1763,3329,22243,8116,3731,3242,0,None

614,Jilana,742675,1987,5846,7372,15836,1585,666,1,Russia

615,Coleus,742455,1913,3051,18890,8450,2161,1830,0,None

616,Snxg,742000,2149,3392,8283,9149,1364,1214,0,None

617,ricky772,741570,1776,4225,15805,12344,2646,1965,0,United Kingdom

618,emxily,740735,2083,3047,12371,8449,1135,1049,23,United Kingdom

619,whatjazz,740440,2036,3476,14758,13598,1976,1229,0,None

620,BlackstarSxnpai,738345,1808,5300,11211,14131,1923,3164,0,United Kingdom

621,Davidians,738335,2057,2844,10248,3559,1230,1181,0,None

622,xOutcast,738080,2181,2652,13824,4858,1528,2014,4,United States

623,Namyah,737635,2158,2746,16468,4748,2172,2183,6,None

624,yachtyz,736240,1826,6584,17778,14619,1632,1328,0,Turkey

625,AvczCOF,736005,1769,3179,21794,7451,2447,4991,5,None

626,Marios_GR_Gamer,735760,1813,4307,18439,12882,1968,1776,0,Denmark

627,CAITXFRAUD,734985,1928,5355,6720,10052,1033,1035,1,United States

628,xKaity,733570,1863,3395,19258,9811,3542,2936,0,None

629,miknav,732080,1807,4951,18032,13831,2537,1979,0,None

630,Bubble_bugs,731620,1966,2885,13702,7288,2271,1846,0,None

631,sunset_light,729870,1653,4157,14454,12594,4252,2540,1,None

632,TC97JG,728000,1906,4868,6656,8256,999,1001,2,Italy

633,cybuh,727980,1999,2354,15054,2666,2185,2198,0,None

634,RoccoDev,727825,2206,2461,17942,1928,1726,2235,0,None

635,Phil_,725375,1977,2605,24202,7294,4301,3667,1,Denmark

636,TxpicalAsh,724325,1678,2669,16728,5473,3388,3978,0,None

637,Redredsee,724290,1809,3309,22346,7743,2145,2524,0,None

638,Dusty_Dust,722630,1998,2671,16851,7913,3898,3061,12,None

639,268,722410,2045,2341,23964,3949,3199,2857,3,None

640,xolqx,722025,1706,3497,17152,11596,2498,2486,0,None

641,Shamcy,722005,1873,4123,9339,9541,2179,2184,6,France

642,_Matteo,721220,1758,3467,25136,11049,2298,1723,0,None

643,LOWIQQ,720895,1965,2773,27881,1769,3022,2526,22,None

644,Kxrina,720040,1791,4318,14060,10401,1433,1940,0,None

645,SoldMyMomForWifi,719680,1674,4399,18156,12605,2783,1795,0,None

646,oxfried,719505,1762,3624,22974,13427,2167,2736,0,United Kingdom

647,CuzImfre3ze,718955,1589,3442,17648,14216,3595,2183,0,United States

648,Corkii,717865,1657,3466,15999,18348,3975,2792,0,None

649,Rainbowdrummer,716550,1545,5918,16120,14699,3591,3285,0,Solomon Islands

650,CheeckMC,716080,2128,3698,10858,8102,1411,1092,1,Netherlands

651,Dclly,715715,1865,5281,9903,18849,1677,795,0,France

652,syds,715480,2006,2107,11741,1720,2061,2169,15,None

653,arriec,715415,1827,3511,15038,8044,1827,1482,4,Canada

654,LShiroT,714940,1837,4283,15653,14810,1976,1790,1,France

655,ChillStateOfMind,714730,1617,3745,18225,11678,5542,4534,1,None

656,Scythx_,714515,2029,3437,19327,8612,1707,3218,1,Mongolia

657,Spiderwiky,713395,1871,3869,16375,9074,1107,1383,0,None

658,Jozoid,712915,1679,3351,19820,12739,3105,3664,0,None

659,laserbanana,712755,2027,4734,12330,13041,1114,1032,0,None

660,ashllee,711825,1752,4199,14517,11152,2306,4140,4,None

661,HairlineHenny,711500,1146,5656,18051,16624,5072,3692,0,Romania

662,OhGeorgina,711115,1598,4726,13203,17369,2543,2067,0,None

663,vvtal,710245,1945,3145,16549,5507,2171,1811,0,None

664,Angelis,709970,1777,4316,12552,15506,2732,1628,0,None

665,aecid,709665,1731,4970,11939,12973,2803,3413,2,None

666,Nerzide,708000,1761,2829,17370,7088,2819,2042,2,Netherlands

667,Ocury,705760,1643,2339,16174,5764,3421,2570,0,None

668,xxsavorikyxx,705265,1653,2082,16177,7472,3566,3470,3,Norway

669,JusDeFramboise,704065,1630,4450,15890,12844,2469,2121,0,None

670,Clalia,702640,1761,3169,8888,7908,1535,1829,0,Netherlands

671,SOTSI,701345,1726,2553,14392,4830,3136,3968,0,Poland

672,Yunaxeue,699740,1988,2090,10140,3690,1696,1206,1,Finland

673,TacStack,698000,1689,2963,20198,8580,3088,2332,0,Russia

674,BabyHwamz,696985,1779,2719,18765,6731,2225,1863,0,None

675,WARLORD_LEON,696700,1964,3116,15304,10405,2864,2172,0,None

676,HalogenAtom,696380,1634,4077,13653,11655,2502,1763,0,None

677,NinjouWolf,696270,1514,2404,18030,10572,4369,3530,2,None

678,Jaceah,696100,1705,2671,18245,7834,3084,2347,0,United States

679,YungNemesis,691735,1799,3380,17302,9403,2413,1892,10,None

680,Lulu_Chxn,691235,1843,4037,13103,11245,1566,1117,0,None

681,oKry,689945,1834,2672,22585,6606,3714,3475,0,None

682,Anirraina,689515,1909,2989,14742,12301,3776,2745,2,Israel

683,ImTrans,686480,1698,3989,11909,9290,1258,968,0,Norway

684,Mar_ols,684310,1475,2660,14191,4546,2849,2115,0,None

685,bakednugget420,682505,2025,4901,5893,10502,653,517,0,None

686,Technoblade___,681775,1723,3198,17152,9038,3216,2082,1,None

687,xJayy9,681360,1758,3541,17148,9587,1802,1658,0,None

688,POTATO_MAN421,680840,1801,4463,7341,11664,1130,975,1,None

689,_Rebel,680355,2038,3686,17807,8266,1486,1545,1,Switzerland

690,Aryezz,679560,1742,2114,12464,4535,2188,2104,1,Japan

691,ffax,679460,1813,2877,13800,6845,2036,4211,0,South Africa

692,Deruyo,679005,1739,4141,14920,12483,1512,2530,9,None

693,bIackbear,677240,1733,4167,14141,12909,1827,2387,0,United Kingdom

694,EmptyCalxries,676630,1385,4260,17205,15516,5192,3535,0,None

695,GiorgosKts,675785,1802,2650,15303,5449,2044,1534,1,None

696,Dean_Llywelyn,675660,1746,3185,17048,7489,5149,4095,0,None

697,xxxbqn,674800,1597,3490,22991,7838,2321,2262,0,None

698,prototipe10,672795,1742,3132,10560,9709,2529,1492,0,None

699,Pavvex,672790,1694,2784,14898,8008,3945,2934,0,None

700,_ymer,670515,1725,2813,19091,9038,1798,1655,0,None

701,Tikwey,669615,1578,3195,18284,10325,3749,2789,2,None

702,Acidifying,669285,1762,3667,14246,9657,2333,1559,0,None

703,zxpn,669090,1757,2218,16506,2195,1743,2200,1,Greece

704,notStav,669060,1860,2358,11360,6044,1730,1307,0,France

705,forgiobombi,665455,1761,2959,11706,7794,1828,2800,7,Norway

706,Joeq,665145,1714,2052,17623,4263,3460,2776,0,None

707,Unshod,664380,1671,2903,14071,8538,2761,4137,1,None

708,Thibaud38,662860,1409,4964,23218,25748,2478,1927,4,None

709,wandys,661520,1725,5061,9353,11827,1055,976,6,None

710,Maximo_23,661315,1752,3319,12140,6264,1587,1569,0,None

711,vintonic,661245,1668,3998,12871,9878,3061,2218,0,None

712,INeedHelpPls,660195,1770,3396,16664,5522,1928,3332,18,None

713,dvhrio,660050,1633,2612,16301,7472,2684,2130,0,Germany

714,Mothical,659975,1708,2717,14545,7001,2162,1785,26,None

715,YDMYK,657930,1586,1655,11801,1590,4092,3777,1,None

716,Electrifyed,657240,1778,2461,18790,5084,1778,1779,0,None

717,Solana,656455,1733,3074,15063,7482,1960,1574,0,United Kingdom

718,Bloodkage,655460,1735,2345,17219,5219,2234,2035,0,Holy See

719,axlu,654815,1623,3553,15666,7895,2525,5117,1,None

720,ExquseMe,654615,1657,2405,15053,4049,2302,1906,0,United Kingdom

721,anoyo,654115,1590,2276,13344,4830,2846,3504,2,None

722,Sandias,653405,1888,2293,13834,6390,2324,2055,13,None

723,RZUYUH,653125,1661,2771,15503,6180,3063,2632,0,None

724,Metal_bunny,653080,1712,3423,12733,7936,1850,1479,0,United Kingdom

725,Tcbii,652905,1771,1922,15051,3201,2204,1738,41,United States

726,SteveAtWork,652500,1748,2848,16197,5369,1862,1611,0,United Kingdom

727,elliq,652170,1755,2236,14870,2992,1395,1287,13,United Kingdom

728,crybuh,651975,1812,4114,7448,15345,2031,775,17,None

729,telejennys,651870,1779,2691,16103,5850,2885,2662,0,None

730,DiegoPlays_HD,649245,1625,2601,21064,9248,2759,2953,5,Lithuania

731,kkirsty,648470,1685,3870,11915,7894,1057,1869,0,United Kingdom

732,ForeverToxic,648045,1636,2947,14199,9007,1428,1634,0,None

733,lmaonat,647860,1736,2595,12477,6420,1107,1181,0,None

734,udex,647675,1594,3331,16069,5617,2422,2255,9,None

735,Kotofeykar_,647405,1693,3042,21327,12681,3045,1915,5,None

736,N1ki,647040,1719,3857,14821,10078,2064,1658,0,France

737,_majorchaos_,647020,1690,2596,14660,7805,2550,1802,0,None

738,BGbb6e,647010,2009,2207,7996,2944,762,949,21,Switzerland

739,_mXny,646850,1509,3954,18785,10831,2526,3240,0,None

740,teckno41,646310,1864,2180,19345,5562,2324,2064,7,None

741,suwunny,645955,1688,4227,9022,8476,1785,2701,0,None

742,Jayliaa,645560,1642,3025,11355,7816,1105,1383,0,None

743,Spartiate03,645310,1615,3666,21437,13799,1966,1863,0,Canada

744,gummybear103,644970,1830,2723,15259,7677,1887,1277,0,France

745,utlr,643655,1650,3174,16726,8709,1683,2044,6,None

746,RotsuBlatant,643645,1657,2800,13998,6253,2113,1919,0,None

747,Medifsbrother,643410,1716,2342,15492,4780,2073,1745,0,Italy

748,TryME_YT,643340,1396,4358,22874,10433,1398,2872,1,None

749,GyroGyro,643000,1591,3177,14825,6963,1798,3349,1,None

750,zeycool,642020,1674,1948,17742,2509,1826,1783,68,None

751,YourDaddyKoney,641860,1612,3193,16256,9648,2650,1921,0,France

752,Angelili,640960,1582,4106,10511,8030,968,1521,0,None

753,Tqtz,640350,1288,2477,21868,6144,3583,3629,0,Canada

754,Chaos_____,639495,1572,3371,13855,10367,2672,2404,0,None

755,Mxgii,639340,1876,2511,8179,4169,914,846,0,United States

756,imdeadish,639135,1572,2641,13008,6189,2654,2341,0,United States

757,PuffyCheeto,638785,1725,2899,12450,8050,1518,1361,0,None

758,Bellamiie,636620,1678,2815,13985,9080,1958,1866,0,United States

759,Zahrakai,636310,1549,2192,13216,6568,1924,1916,5,None

760,swimwater,635900,1643,2173,15791,5348,2467,2510,0,None

761,sjarkveien,635895,1541,3172,14854,11351,2604,1661,2,None

762,chlwe,634965,1741,3700,10725,7504,1519,3367,0,United Kingdom

763,mine_usen_2000,634580,1945,2196,11332,2916,1536,1653,5,None

764,Pxffle,633410,1800,2839,15282,5071,1617,1593,2,Sweden

765,simun,633150,1564,2880,13964,9608,1795,1368,0,None

766,carrotOn,633045,1719,2484,11622,5711,1645,1581,1,None

767,jqnnifer,632000,1736,3602,10893,9817,1605,924,1,None

768,Natsu_ji,631920,1533,1755,11448,4977,2108,1780,1,None

769,wehgee,631175,1637,3772,13141,10795,1207,3324,2,None

770,MarvRapido,630830,1395,2675,18119,7294,2456,1959,1,None

771,Noruc,630425,1493,2796,13634,9345,1810,2322,5,None

772,Niicoly,629905,1525,3030,15165,8196,2933,2644,0,None

773,WaffyWaffy,629650,1653,3109,13457,7450,1287,2279,29,None

774,JUX2001,629550,1562,3819,17813,10089,2224,1813,0,None

775,FredoStateOfMind,629460,1608,3340,19514,13229,1865,1432,0,None

776,BabyMelodyFox,628105,1525,7354,12065,20684,1898,1426,0,None

777,ChromaticaX,627770,1681,3444,13134,12278,1394,1055,0,None

778,Shade020,627385,1802,3585,14111,15360,1557,1562,18,None

779,SoriezsLittleBro,627385,1362,3744,17297,13243,3097,3063,0,United Kingdom

780,JuicyJaffa,626590,1503,2378,14229,7174,3012,2863,4,None

781,soln,626400,1648,3327,18570,6247,1180,2713,0,None

782,Plumish,626185,1619,3205,16112,9042,1741,1303,0,Italy

783,mollly_,625580,1813,3390,6626,6184,1045,2488,0,United Arab Emirates

784,c0d3Y,625565,1517,3315,17172,8394,2447,1622,0,United Kingdom

785,Barbiefan71,625500,1543,2879,14810,8153,2077,1742,4,None

786,Willicm,624725,1753,2048,14588,3301,1438,1495,0,None

787,grqciie,624220,1508,5659,9472,15530,2371,936,0,None

788,PoolJulian,624180,1452,3103,14828,9808,2471,1506,0,None

789,0ppaiKing,623815,1797,3744,11444,11184,1288,974,0,None

790,PrincessGirl28,621900,1606,2784,20010,9267,2155,2490,1,France

791,ltsquellette,621830,1526,2188,21319,3781,4717,4314,6,None

792,Arbow_,621255,1537,2542,14236,6576,5219,4271,1,None

793,xBerryFast,620975,1563,3971,12168,8154,1772,1292,0,Italy

794,DaisukiDa,620355,1540,3668,10127,8060,1934,2090,3,Saudi Arabia

795,JustVanessa,619075,1380,4443,12142,11135,3790,2642,0,None

796,mon_X,618465,1770,2562,13098,4990,2353,1977,0,None

797,ZaytoonIsLitt,617790,1987,3651,12286,9300,2832,1821,0,None

798,Lisila,617760,1657,3138,6787,6187,1126,810,1,None

799,bulv,616395,1517,4741,11011,13018,1586,1024,0,None

800,empix,616230,968,5317,11026,9313,5454,3971,0,None

801,CookieBubble,615590,1740,2441,19130,5833,2766,2478,2,Nauru

802,Slycopper10,614625,1576,2742,12123,8780,1970,2171,0,None

803,Tazu,614085,1744,2129,13657,3633,2282,1751,1,None

804,BoziChamiaMindor,613735,1595,2653,15527,7714,1820,1559,0,Israel

805,Mewkii,613335,1497,2494,14147,5914,1691,1454,0,None

806,xHmqdie,613005,1480,3706,13328,10457,2415,1451,7,None

807,Sxisa,612770,1332,4062,20424,8774,2647,2027,0,None

808,Bhostrup,611160,1385,3966,18303,10783,2528,2370,0,United States

809,Cubss,610600,1574,2527,15283,9647,1630,2982,0,None

810,ufoludek_,609830,1344,1778,12227,6463,2551,2576,3,None

811,SophiaisWise,609765,1512,3164,19919,9845,1531,1827,0,Germany

812,spocky1000,609175,1531,2070,14633,6680,2010,2112,1,Germany

813,Caringly,608060,1720,2172,9461,4921,1517,1933,5,United States

814,dije,605000,1685,4274,6517,7539,847,1145,2,None

815,Caro,604585,1684,1805,10837,2592,2696,2240,12,Niger

816,Cliopatra,604575,1707,1935,10468,3225,1334,1631,7,United Kingdom

817,FeatherWhite,604240,1498,2721,11944,6692,2340,1956,0,None

818,litman69,602340,1562,2624,11892,6612,1668,1312,1,None

819,Volodim,602045,1492,2753,18202,9054,1559,1498,8,None

820,notdreamy,601145,1255,4899,11672,13743,2313,2750,0,None

821,emocatboy,600900,1539,3883,10696,6775,907,1644,1,None

822,XxMollyxXx,600120,1709,3842,5126,10401,964,667,0,None

823,ShaeBaes,599555,1658,2110,14003,4582,1792,1691,0,None

824,Hexen4Life,599280,1596,3384,9162,9905,973,1974,0,None

825,Aimp,598630,1607,2291,12022,6415,1699,2774,2,None

826,divinish,597500,1730,2140,12761,4906,1990,1706,0,None

827,97vox,597205,1646,3656,7460,7565,1175,922,0,United States

828,aNoobUnderLSD,596820,1183,3367,17949,11742,5034,3798,0,None

829,spaglettu,596000,1600,2626,8200,7341,1541,882,3,None

830,Vclentina,595155,1180,3346,14881,10804,4328,3906,0,None

831,Flawah,595135,1526,5210,7217,10910,1196,804,1,None

832,Skarelex,594345,1412,3216,14839,7294,4195,3350,7,Sweden

833,TxpicalAan,592730,1428,4117,9607,8785,1439,1821,0,Belgium

834,NotComet_,592405,1517,3903,10113,13699,2015,1478,6,None

835,Zeyon,592290,1472,3395,13884,9177,2549,2189,0,None

836,Nicee,590470,1702,2002,13471,2848,3498,3025,0,None

837,gothboicliq,589355,1417,2799,11330,8940,1767,1750,0,United Kingdom

838,fuqc,588925,1405,3620,13456,9388,2496,1751,0,None

839,Oh_Srry,588615,1181,7120,13710,25566,2905,2305,5,United Kingdom

840,MMalou,588145,1459,2410,13913,6482,2279,2227,1,None

841,Livoph,587680,1512,2692,10137,11003,2279,1775,4,None

842,LittleRed080,587085,1698,3185,14225,16516,2612,1745,18,None

843,MoonWildCat,586850,1502,2801,8297,7313,1310,885,6,None

844,A1iyah,586165,1370,2407,13198,7186,4013,3048,0,France

845,Redwinz,584445,1584,2076,12687,5093,1735,1301,1,Japan

846,YunoOkami,583905,1467,2116,9897,8784,1811,2096,0,None

847,TanakaUta,583580,1621,4127,9427,7355,1476,1364,1,None

848,supercasamario2,583435,1389,2765,17359,9356,3065,2268,1,None

849,Immortalfailure,583365,1325,4130,14804,15839,2762,1669,0,None

850,veniice,583270,1282,4634,13278,9708,2547,3171,0,None

851,DrTaylorMarshall,582555,1602,3394,7809,7346,1046,753,0,None

852,KoolSav,582085,1487,1822,14607,3260,2249,2221,0,Slovakia

853,GasPoweredBirds,581075,1461,1922,13044,4101,1650,1589,17,None

854,FenoRobiOreo,580700,1414,2354,16595,8373,1981,1547,2,None

855,fwairy,580320,1600,2184,10827,4468,1605,3505,1,United Kingdom

856,Firor,579765,1232,2223,15023,9204,3849,3050,2,None

857,Azzify4LiFe,579415,1436,2350,14067,5904,2667,2220,0,None

858,SixGodSix,579295,1606,3011,10404,7052,733,1125,44,None

859,LidlBaguettes_,579010,1470,4958,12739,13132,1720,1345,0,None

860,AndHeWaddledAway,578405,1493,1943,13718,4809,3648,3638,8,United Kingdom

861,tenmillion,578145,1570,4661,8010,9678,926,769,0,None

862,callherrdaddy,577910,1744,1903,12180,2177,1077,1012,0,None

863,jaadeee,577830,1363,2748,11858,9159,2437,1574,0,United Kingdom

864,_Mxsik,577505,1568,3560,11051,7645,1069,1372,0,Lebanon

865,noahnh,577055,1528,4036,11120,11955,2033,1049,0,None

866,Wrists,577045,1641,2152,7400,3471,1108,947,0,None

867,Ellxn,576410,1395,1742,14018,4765,2219,1908,8,Virgin Islands (U.S.)

868,YSSNSkyyyy,576245,1338,2886,18575,10356,2152,1898,9,United Kingdom

869,yikeh,576140,1502,3486,12248,6974,1400,1260,0,None

870,Gloti,574615,1602,2038,12576,2355,769,3627,1,Australia

871,Wqlley,574135,1380,3987,16320,9720,1896,1749,0,None

872,Zaxtr,573480,1475,3996,10371,9993,1073,844,0,None

873,ImImmature,573340,1238,6061,17256,10544,2152,1552,0,Fiji

874,biglucas2004,572445,1127,2369,17433,11140,1761,2586,0,None

875,KingXodus,572265,1698,2079,6323,4466,1204,983,9,None

876,ehusband,571975,1424,3959,6624,10223,2346,1065,0,None

877,Gm_Auda,571460,1352,2459,16494,6697,3607,3036,0,None

878,JvstMatt,570865,1365,2585,14227,7789,2695,1898,0,United States

879,vikesss,570230,1484,2893,9860,5982,952,1376,8,Canada

880,NoDevHere,569725,1378,2886,15680,9084,2513,1879,1,None

881,Rairee,569240,1618,2169,11776,5065,2766,2360,5,Egypt

882,Ycpily,568705,1370,3287,14435,9738,1954,1530,0,None

883,Jxnary,568190,1572,5285,6932,12920,1025,764,0,Germany

884,0hAether,566255,1428,2224,13722,6830,1786,1503,0,United States

885,Primo_Z,566215,1588,1931,14202,2796,1604,1554,8,None

886,BorisTheExplorer,566155,1340,1947,19151,3921,2026,2014,0,None

887,dxnovan,565935,1406,2349,16152,8237,2148,3619,0,None

888,olivia231002,565175,1275,5042,14406,14804,2195,2005,0,Canada

889,Lamna,564825,1634,2383,10859,6413,1622,1459,0,Netherlands

890,OatMylk,564085,1586,2134,5857,3859,984,1166,0,None

891,ItzLucky,560860,1426,1699,16769,3508,1946,1908,5,None

892,Modulus69,558405,1405,3137,16305,10529,1705,2194,1,None

893,StrafeTurtle,558335,1312,1972,17337,4785,2480,2317,1,Norway

894,TiredSteve,557990,1317,4160,13530,15893,2014,1452,1,United Kingdom

895,Koseliq,556525,1292,2187,12673,5142,3142,4282,0,None

896,pastaboil,553795,1444,2564,13058,7038,1633,2052,0,None

897,MrMesseeks,553370,1371,2058,14283,3721,1736,3350,1,None

898,RxiP,552550,1390,2288,18725,4514,1882,1675,0,None

899,IWillMaybeComboU,552290,1323,3295,12180,13629,1300,1153,0,None

900,Oliver1727,552070,1461,1752,15990,3030,3602,3162,0,Egypt

901,iiKahraba,551640,1433,2853,12122,8094,1443,1114,0,None

902,azuer,551145,1402,3939,12796,10586,1384,2501,0,None

903,RogeMcDoge,550795,1355,3053,15678,8852,3301,2813,11,Russia

904,_Cesium,549700,1608,2224,10363,7444,2922,1612,1,None

905,Lillianne,549205,1556,1982,12440,5022,1876,1984,5,None

906,sagey2000,548755,1249,6238,15168,11975,3640,2023,0,None

907,__Crystall__,548545,1159,3026,11638,9097,2089,1759,4,None

908,Qwl_,546680,1424,2826,14286,8658,1948,1676,4,Slovakia

909,Phizzes,546540,1404,2662,10056,8643,2117,1240,0,None

910,Debilko,546485,1580,1992,10806,5348,842,2005,26,None

911,F3NDI,546110,1444,2465,13387,5402,1390,2238,5,None

912,Perdonarla,546005,1398,1910,15042,4617,1965,1703,0,None

913,Underture,545500,1332,2833,11309,8079,2366,1712,0,None

914,_Ritoleo,545485,1510,2854,13246,6124,915,1363,0,None

915,Streep,545075,1443,1979,9083,2801,1350,1331,5,None

916,VickiHD,543195,1506,2378,9627,10893,1727,1694,2,Canada

917,Jeepers1,542895,1247,2464,18441,7641,2762,2437,2,None

918,matj,542700,1299,3632,21663,3079,736,1404,0,None

919,moonxlight,542130,1193,3074,11547,10952,2202,2097,0,None

920,Staza,541950,986,5375,9774,13395,2860,1765,0,None

921,sadmusic,540010,1480,1747,12790,1502,4731,4176,0,United States

922,Cinitas,539945,1604,1814,5057,2947,1254,792,1,None

923,Cqmito_,539550,1354,3457,5287,8686,1050,783,3,Canada

924,Chacha616,538660,1406,2832,10739,8358,982,1736,19,None

925,ekoy20,538565,1474,3317,8177,9113,1189,2496,0,United States

926,qupzi,538530,1322,2870,12555,7073,1869,1323,0,Finland

927,HunchoBison,538150,1266,2760,17725,8930,1674,2834,29,France

928,iixouds,538105,1314,6284,9636,10273,937,1296,0,None

929,LibyKiwii,538025,1458,2194,16018,4419,1288,1466,5,None

930,mooprincess,537965,1424,4525,10392,12121,569,705,0,None

931,IiAZoZ,537770,1314,3189,12908,9007,2553,1704,0,None

932,xWasteMyThyme_,537700,1407,3226,10550,6970,2225,1523,0,Sweden

933,flowerxida,537395,1288,3695,7528,7796,1553,1781,0,None

934,jvney,537190,1415,4173,8825,10246,1489,989,0,None

935,brosiee,536780,1464,2308,13304,6873,2191,2181,0,United States

936,Toccata,535430,1512,2103,10110,5488,2285,1779,0,None

937,Colebowl,535360,1468,2043,12413,5956,2788,2015,0,None

938,treesxy,534595,1393,2896,10773,10155,1156,2382,0,None

939,Phaish,532360,1151,2980,13826,9682,2356,2374,10,None

940,iKEVAREZ,530675,1381,2620,13214,9866,1142,1051,0,Lithuania

941,0Sherry,529815,1215,3087,17802,7259,2419,1680,0,None

942,Normans,529510,1437,1972,10933,4441,1326,1186,0,France

943,Iclesium,528640,1271,2815,16469,7462,2477,1907,0,None

944,Junea,528490,1383,5814,8896,10883,838,1066,0,None

945,lolobh,528235,1264,1975,10679,4355,1772,1390,0,None

946,TahaArtz41naya,528050,1127,3104,15202,5213,4247,4201,0,None

947,KarolsEgirl,527900,1405,2242,12161,4938,1683,1265,0,None

948,dani___,527840,1462,3063,20013,9381,2210,1829,3,United States

949,ilymads,527685,1324,3170,9841,9155,1363,915,0,None

950,Certi_Foxx,527130,1331,3029,14077,7198,1406,1140,0,None

951,Isabqlla,527000,1161,2420,11536,4345,2852,4575,0,France

952,Dvmso,526985,1407,2845,14408,2481,1225,1330,0,None

953,G05HA,525680,1314,2654,13451,5742,2267,1696,0,None

954,azuty,525580,1322,3110,6765,6367,918,891,0,None

955,bichasstroy,525365,1307,1842,14010,3410,2096,1821,3,United States

956,UnMildCham,525085,1278,2345,8724,7750,1736,1826,14,None

957,Skidooskei,524305,1428,2237,8404,5578,1090,976,0,Egypt

958,Adhvm,524110,1425,2068,13346,3315,2003,1549,1,None

959,Spesz,523885,1174,2973,15507,7396,2905,2186,0,None

960,ElectricSxnpai,523780,1295,3748,10312,10838,1390,2509,0,Qatar

961,_ZoomKabym_,523765,1467,2099,8176,3126,1018,992,0,None

962,dvnaa,523215,1476,3335,7452,8207,737,981,0,None

963,spideyss,523120,1361,2867,9231,7718,1304,866,0,None

964,Traiits,523080,1326,2225,11906,5833,1983,1548,0,United Kingdom

965,Huvo,522660,1328,1653,11031,3241,2147,1518,13,None

966,kiyachan,522150,1456,1984,12754,6345,1697,1887,6,None

967,xDepressive_,522105,1244,1848,18558,4709,2010,1953,0,Australia

968,IUseATrackpad,521610,1251,2854,12157,8788,2127,1645,0,None

969,Residents,521170,1279,2483,8500,5308,1192,1606,0,None

970,chemori,520580,1506,1902,14834,3817,2059,1949,3,Canada

971,MrSm0ker,519780,1230,2618,19275,6234,1848,1562,0,None

972,Raare,519520,1321,1768,13514,2602,2385,3399,0,Germany

973,okayava,519500,1375,3533,6254,5174,595,561,0,Saudi Arabia

974,Issaaaaa,519130,1372,3452,9133,6252,1187,1095,0,None

975,_Aidens,518970,1271,2723,11447,7379,2155,2107,11,None

976,BbyTiger,518740,624,10606,9572,22887,3961,2106,0,United States

977,painfvl,518580,1321,2322,15983,3515,1759,1673,0,United Kingdom

978,PuppyHaku,517280,1425,2352,8247,5112,1185,1170,0,None

979,Savannqh,516970,1429,2538,9939,4677,843,848,2,United States

980,LQNELY,516945,1385,1877,12543,3413,1303,1594,0,None

981,hassanxp,516285,1218,3366,11963,13032,1905,1667,6,None

982,chesterbnington,516020,1240,3495,12677,10213,1862,1389,0,None

983,Alsaad,515635,1523,2333,8238,7087,1255,922,0,None

984,milwaukee_talkie,515505,1636,3522,16112,7456,2555,1733,0,None

985,mattybird2213,515480,1497,2513,13197,5938,2467,1783,0,None

986,ddaengg,515405,1367,3085,10622,11874,1139,1408,1,None

987,NasukiHD,514980,1173,2007,8767,5134,2020,1260,0,None

988,Rhsy,514470,1412,1996,12921,5942,3460,2535,0,None

989,zFlames,514385,1151,1829,10380,4869,2919,2160,6,None

990,Bps_,514275,1141,5194,14378,11324,1934,2145,0,None

991,Ailaina,514080,1445,2175,11840,4901,2503,2047,0,None

992,GayestSpoon,512190,1429,2475,10902,8119,1440,1035,0,None

993,Ngalfar,512100,1693,3324,14555,4355,1994,2087,0,None

994,CuzImOlivierg,511030,1138,2976,10404,6009,1980,1793,4,None

995,Sebastiarex,510260,1225,3635,10300,12677,1747,1826,0,Canada

996,ThunderGamingX,510225,1134,2513,12852,3238,3702,3184,3,None

997,Kuadro,510135,1332,3428,10317,7530,1254,1023,0,None

998,swordfish09304,509375,1347,2727,11513,8708,1377,1151,2,None

999,LaMinecraftienne,509185,1434,2265,11413,5499,2792,1831,2,None

1000,0hSora,508290,1112,2626,12072,11361,1818,1529,0,None
